feature	metadata	value	coef	stderr	N	N.not.0	pval	qval
蓝藻门 (Cyanobacteria)	Group	MI	-0.74005450288872	0.378251523409324	84	84	0.0538084979472737	0.430467983578189
衣原体门 (Chlamydiae)	Group	MI	-0.115446078971222	0.0959444320231264	84	84	0.232338260588503	0.446790075615424
变形菌门 (Proteobacteria)	Group	MI	-0.147535239974924	0.112863748515764	84	84	0.194799262038984	0.446790075615424
拟杆菌门 (Bacteroidota)	Group	MI	0.462873268103035	0.386161794837483	84	84	0.234116293025708	0.446790075615424
放线菌门 (Actinobacteria)	Group	MI	-0.384519122435632	0.353019619432864	84	84	0.27924379725964	0.446790075615424
泉古菌门 (Crenarchaeota)	Group	MI	0.0382914213298232	0.0560253764789439	84	84	0.496239369206238	0.661652492274985
广古菌门 (Euryarchaeota)	Group	MI	-0.266815646301717	0.994240632772319	84	65	0.789095243643363	0.901823135592415
厚壁菌门 (Firmicutes)	Group	MI	0.00395549680534925	0.125305754415512	84	84	0.974894258797701	0.974894258797701
