"Level","Variable","Model","R2","Pvalue","F_value"
"Family","MI","No covariates",0.0212510204387932,0.045,1.7804194051495
"Family","MI","With covariates",0.0208199320756966,0.042,1.72153483540131
"Family","Age","No covariates",0.00934592076803856,0.665,0.773595464900637
"Family","Age","With covariates",0.00981899001131802,0.643,0.811901464975162
"Family","Gender","No covariates",0.00600649764667544,0.963,0.495509081157263
"Family","Gender","With covariates",0.00558587273548245,0.969,0.461878284006346
"Family","BMI","No covariates",0.007586438487585,0.872,0.62684346537337
"Family","BMI","With covariates",0.00762096669756709,0.846,0.630153816140922
