"Family","p_value","statistic","MI_mean","CON_mean","Effect_size","note","significance"
"Ackermannviridae",0.0408251942032211,1097,0.127491180325174,-0.100365397277269,0.227856577602444,,"*"
"Andersonviridae",0.0497992777952082,940,0.266627618328535,-0.209898337833111,0.476525956161646,,"*"
"Colingsworthviridae",0.0497992777952082,940,0.280393124507697,-0.220735012910323,0.50112813741802,,"*"
"Felixviridae",0.00970756673220377,631,-0.6915647988584,0.544423352292778,-1.23598815115118,,"**"
"Steigviridae",0.0323083194333255,1067,0.991474534629991,-0.780522505985316,1.77199704061531,,"*"
