feature	metadata	value	coef	stderr	N	N.not.0	pval	qval	log2FC	Trend	MicrobeClass
Butyrivibrio（丁酸弧菌属）	Group	MI	-2.21824305153949	0.649294823148202	84	61	0.000989712976485937	0.0296913892945781	-2.21824305153949	Down	virus
