feature	metadata	value	coef	stderr	N	N.not.0	pval	qval	Trend	MicrobeClass
Oxalobacteraceae	Group	MI	3.36326865925702	0.610908642090101	84	29	4.11607431025151e-07	1.81107269651066e-05	Up	bacteria
Leuconostocaceae	Group	MI	-4.34370335674627	0.822462879912391	84	38	1.03286609014944e-06	2.27230539832878e-05	Down	bacteria
Arthrodermataceae	Group	MI	1.06187278757846	0.313163960393469	84	76	0.00107429437226301	0.0207552759144386	Up	fungi
Sordariaceae	Group	MI	0.904450441229466	0.273165315909044	84	69	0.00138368506096258	0.0207552759144386	Up	fungi
