"Family","p_value","statistic","MI_mean","CON_mean","Effect_size","note","significance"
"Ackermannviridae",0.0408251942032211,1097,7477.19321621622,6123.44110425532,1353.7521119609,,"*"
"Felixviridae",0.00970756673220377,631,0.135435135135135,3.84091276595745,-3.70547763082231,,"**"
"Steigviridae",0.0323083194333255,1067,2608.40089189189,8.4879085106383,2599.91298338125,,"*"
