feature	metadata	value	coef	stderr	N	N.not.0	pval	qval
Oxalobacteraceae	Group	MI	3.38744118320976	0.602219832407989	85	30	2.44033312657179e-07	1.17135990075446e-05
Leuconostocaceae	Group	MI	-4.15646280004586	0.826462239259762	85	39	2.80079692130965e-06	6.72191261114317e-05
