"Level","Variable","Model","R2","Pvalue","F_value"
"vOTU","MI","No covariates",0.0164028130257875,0.077,1.36746087313672
"vOTU","MI","With covariates",0.0168390663810081,0.054,1.40234105820381
"vOTU","Age","No covariates",0.0139506878381449,0.178,1.16014117003928
"vOTU","Age","With covariates",0.0140710645954688,0.17,1.17182456368953
"vOTU","Gender","No covariates",0.00967576821799061,0.871,0.801164879554191
"vOTU","Gender","With covariates",0.0096538470957373,0.862,0.803962989732188
"vOTU","BMI","No covariates",0.0106457337452299,0.68,0.882343359586881
"vOTU","BMI","With covariates",0.0110646829654082,0.602,0.921456027746314
