"Variable","RDA1","RDA2"
"CON",1.9999371133771,0.751119936041866
"Age",-1.10342892229008,-1.97006600429694
"Male",0.00227458554985429,0.300784388397402
"BMI",0.81062011872002,-0.347503342290567
"Smoke_Y",-1.75000476359324,1.53434899681498
"Drink_Y",-0.197790290174925,0.357888517309759
